Source,Target
CG0,PL24
PL24,NFL21
CG21,PL31
PL31,NFL24
CG24,PL35
PL35,NFL1
CG25,PL50
PL50,NFL17
CG19,PL55
PL55,NFL28
CG35,PL56
PL56,NFL19
CG1,PL58
PL58,NFL25
CG38,PL61
PL61,NFL0
CG25,PL63
PL63,NFL23
CG40,PL65
PL65,NFL9
CG41,PL66
PL66,NFL1
CG1,PL75
PL75,NFL14
CG17,PL92
PL92,NFL21
CG44,PL102
PL102,NFL0
CG58,PL119
PL119,NFL23
CG19,PL125
PL125,NFL31
CG3,PL148
PL148,NFL3
CG55,PL170
PL170,NFL5
CG75,PL173
PL173,NFL0
CG56,PL183
PL183,NFL7
CG78,PL186
PL186,NFL18
CG82,PL202
PL202,NFL13
CG12,PL205
PL205,NFL14
CG84,PL207
PL207,NFL4
CG29,PL235
PL235,NFL23
CG19,PL236
PL236,NFL15
CG66,PL238
PL238,NFL16
CG97,PL246
PL246,NFL16
CG14,PL276
PL276,NFL15
CG2,PL278
PL278,NFL13
CG107,PL292
PL292,NFL18
CG20,PL296
PL296,NFL1
CG32,PL299
PL299,NFL0
CG43,PL303
PL303,NFL31
CG61,PL312
PL312,NFL9
CG4,PL313
PL313,NFL6
CG97,PL333
PL333,NFL29
CG36,PL343
PL343,NFL27
CG99,PL355
PL355,NFL20
CG23,PL357
PL357,NFL26
CG33,PL365
PL365,NFL18
CG120,PL384
PL384,NFL21
CG28,PL385
PL385,NFL11
CG124,PL396
PL396,NFL4
CG127,PL411
PL411,NFL25
CG100,PL414
PL414,NFL21
CG112,PL426
PL426,NFL11
CG32,PL427
PL427,NFL26
CG3,PL437
PL437,NFL25
CG3,PL439
PL439,NFL8
CG99,PL443
PL443,NFL22
CG4,PL446
PL446,NFL13
CG130,PL448
PL448,NFL28
CG17,PL459
PL459,NFL11
CG59,PL460
PL460,NFL29
CG63,PL462
PL462,NFL24
CG19,PL476
PL476,NFL31
CG61,PL480
PL480,NFL3
CG141,PL490
PL490,NFL1
CG11,PL503
PL503,NFL10
CG74,PL505
PL505,NFL8
CG107,PL506
PL506,NFL14
CG113,PL511
PL511,NFL17
CG3,PL513
PL513,NFL22
CG20,PL515
PL515,NFL10
CG143,PL543
PL543,NFL8
CG1,PL546
PL546,NFL15
CG54,PL568
PL568,NFL9
CG147,PL575
PL575,NFL30
CG117,PL578
PL578,NFL17
CG2,PL585
PL585,NFL2
CG51,PL588
PL588,NFL18
CG33,PL590
PL590,NFL4
CG34,PL602
PL602,NFL7
CG150,PL604
PL604,NFL0
CG9,PL612
PL612,NFL23
CG0,PL616
PL616,NFL6
CG32,PL623
PL623,NFL30
CG74,PL624
PL624,NFL19
CG111,PL634
PL634,NFL10
CG74,PL639
PL639,NFL29
CG9,PL645
PL645,NFL28
CG137,PL647
PL647,NFL2
CG58,PL672
PL672,NFL19
CG112,PL676
PL676,NFL16
CG19,PL678
PL678,NFL18
CG123,PL681
PL681,NFL11
CG51,PL683
PL683,NFL1
CG161,PL715
PL715,NFL14
CG63,PL724
PL724,NFL16
CG163,PL731
PL731,NFL23
CG102,PL742
PL742,NFL12
CG1,PL744
PL744,NFL29
CG4,PL752
PL752,NFL11
CG41,PL773
PL773,NFL26
CG17,PL779
PL779,NFL20
CG18,PL780
PL780,NFL14
CG25,PL781
PL781,NFL16
CG0,PL798
PL798,NFL5
CG1,PL805
PL805,NFL27
CG68,PL813
PL813,NFL10
CG1,PL843
PL843,NFL20
CG76,PL844
PL844,NFL12
CG94,PL865
PL865,NFL21
CG19,PL870
PL870,NFL24
CG55,PL872
PL872,NFL26
CG24,PL875
PL875,NFL30
CG23,PL884
PL884,NFL28
CG38,PL898
PL898,NFL17
CG100,PL912
PL912,NFL26
CG137,PL921
PL921,NFL11
CG173,PL923
PL923,NFL28
CG97,PL930
PL930,NFL26
CG99,PL943
PL943,NFL12
CG18,PL949
PL949,NFL8
CG25,PL956
PL956,NFL10
CG115,PL963
PL963,NFL30
CG49,PL969
PL969,NFL1
CG21,PL981
PL981,NFL24
CG8,PL985
PL985,NFL9
CG113,PL986
PL986,NFL31
CG100,PL994
PL994,NFL13
CG3,PL997
PL997,NFL2
CG137,PL999
PL999,NFL23
CG2,PL1013
PL1013,NFL3
CG58,PL1016
PL1016,NFL31
CG103,PL1023
PL1023,NFL12
CG54,PL1029
PL1029,NFL19
CG36,PL1035
PL1035,NFL21
CG63,PL1038
PL1038,NFL25
CG1,PL1046
PL1046,NFL2
CG0,PL1049
PL1049,NFL17
CG27,PL1078
PL1078,NFL23
CG21,PL1079
PL1079,NFL20
CG19,PL1085
PL1085,NFL28
CG55,PL1096
PL1096,NFL9
CG35,PL1103
PL1103,NFL11
CG5,PL1114
PL1114,NFL14
CG143,PL1116
PL1116,NFL13
CG15,PL1132
PL1132,NFL26
CG164,PL1141
PL1141,NFL1
CG11,PL1148
PL1148,NFL6
CG14,PL1155
PL1155,NFL16
CG49,PL1165
PL1165,NFL12
CG188,PL1168
PL1168,NFL0
CG132,PL1171
PL1171,NFL4
CG49,PL1183
PL1183,NFL20
CG31,PL1192
PL1192,NFL4
CG128,PL1194
PL1194,NFL5
CG1,PL1195
PL1195,NFL14
CG28,PL1209
PL1209,NFL30
CG164,PL1212
PL1212,NFL21
CG192,PL1228
PL1228,NFL6
CG23,PL1229
PL1229,NFL3
CG34,PL1241
PL1241,NFL28
CG130,PL1242
PL1242,NFL8
CG58,PL1246
PL1246,NFL10
CG178,PL1253
PL1253,NFL17
CG3,PL1268
PL1268,NFL8
CG32,PL1271
PL1271,NFL4
CG4,PL1276
PL1276,NFL5
CG153,PL1284
PL1284,NFL27
CG11,PL1292
PL1292,NFL15
CG54,PL1303
PL1303,NFL6
CG30,PL1306
PL1306,NFL19
CG78,PL1309
PL1309,NFL23
CG75,PL1317
PL1317,NFL11
CG65,PL1320
PL1320,NFL18
CG33,PL1325
PL1325,NFL6
CG4,PL1327
PL1327,NFL12
CG66,PL1350
PL1350,NFL19
CG25,PL1354
PL1354,NFL25
CG197,PL1355
PL1355,NFL0
CG198,PL1361
PL1361,NFL9
CG0,PL1368
PL1368,NFL2
CG24,PL1370
PL1370,NFL1
CG100,PL1379
PL1379,NFL2
CG3,PL1382
PL1382,NFL9
CG2,PL1387
PL1387,NFL23
CG87,PL1406
PL1406,NFL14
CG68,PL1410
PL1410,NFL29
CG46,PL1440
PL1440,NFL11
CG80,PL1449
PL1449,NFL4
CG17,PL1453
PL1453,NFL7
CG160,PL1454
PL1454,NFL12
CG57,PL1460
PL1460,NFL0
CG132,PL1473
PL1473,NFL2
CG64,PL1482
PL1482,NFL21
CG210,PL1500
PL1500,NFL11
CG4,PL1503
PL1503,NFL10
CG41,PL1504
PL1504,NFL22
CG9,PL1508
PL1508,NFL24
CG58,PL1528
PL1528,NFL30
CG3,PL1547
PL1547,NFL20
CG111,PL1549
PL1549,NFL16
CG111,PL1554
PL1554,NFL17
CG54,PL1561
PL1561,NFL8
CG195,PL1579
PL1579,NFL24
CG41,PL1594
PL1594,NFL29
CG137,PL1596
PL1596,NFL22
CG70,PL1598
PL1598,NFL8
CG153,PL1599
PL1599,NFL9
CG58,PL1612
PL1612,NFL30
CG24,PL1621
PL1621,NFL6
CG18,PL1622
PL1622,NFL24
CG27,PL1643
PL1643,NFL23
CG51,PL1648
PL1648,NFL1
CG9,PL1655
PL1655,NFL6
CG0,PL1664
PL1664,NFL27
CG19,PL1681
PL1681,NFL18
CG102,PL1691
PL1691,NFL7
CG32,PL1694
PL1694,NFL0
CG0,PL1706
PL1706,NFL9
CG126,PL1715
PL1715,NFL20
CG62,PL1717
PL1717,NFL10
CG52,PL1728
PL1728,NFL3
CG172,PL1735
PL1735,NFL11
CG14,PL1743
PL1743,NFL11
CG15,PL1755
PL1755,NFL31
CG81,PL1757
PL1757,NFL21
CG61,PL1777
PL1777,NFL6
CG17,PL1785
PL1785,NFL0
CG41,PL1792
PL1792,NFL17
CG86,PL1802
PL1802,NFL1
CG135,PL1805
PL1805,NFL30
CG164,PL1815
PL1815,NFL2
CG24,PL1817
PL1817,NFL31
CG0,PL1826
PL1826,NFL7
CG4,PL1835
PL1835,NFL5
CG1,PL1840
PL1840,NFL20
CG12,PL1841
PL1841,NFL8
CG76,PL1855
PL1855,NFL10
CG136,PL1862
PL1862,NFL25
CG64,PL1866
PL1866,NFL30
CG63,PL1870
PL1870,NFL26
CG62,PL1874
PL1874,NFL15
CG75,PL1877
PL1877,NFL28
CG62,PL1887
PL1887,NFL16
CG49,PL1890
PL1890,NFL20
CG46,PL1891
PL1891,NFL27
CG62,PL1903
PL1903,NFL16
CG102,PL1921
PL1921,NFL29
CG137,PL1935
PL1935,NFL10
CG91,PL1937
PL1937,NFL3
CG49,PL1950
PL1950,NFL12
CG7,PL1960
PL1960,NFL19
CG63,PL1964
PL1964,NFL21
CG138,PL1971
PL1971,NFL25
CG104,PL1992
PL1992,NFL12
CG78,PL1996
PL1996,NFL9
CG73,PL2000
PL2000,NFL24
CG9,PL2003
PL2003,NFL28
CG113,PL2009
PL2009,NFL2
CG19,PL2022
PL2022,NFL10
CG2,PL2024
PL2024,NFL13
CG68,PL2044
PL2044,NFL28
CG59,PL2062
PL2062,NFL7
CG14,PL2076
PL2076,NFL21
CG74,PL2077
PL2077,NFL26
CG6,PL2082
PL2082,NFL11
CG59,PL2096
PL2096,NFL30
CG63,PL2097
PL2097,NFL14
CG52,PL2100
PL2100,NFL22
CG149,PL2101
PL2101,NFL5
CG19,PL2125
PL2125,NFL23
CG226,PL2129
PL2129,NFL12
CG29,PL2130
PL2130,NFL30
CG230,PL2132
PL2132,NFL6
CG65,PL2141
PL2141,NFL21
CG29,PL2150
PL2150,NFL15
CG111,PL2166
PL2166,NFL3
CG18,PL2171
PL2171,NFL2
CG132,PL2173
PL2173,NFL14
CG35,PL2185
PL2185,NFL10
CG143,PL2194
PL2194,NFL29
CG107,PL2196
PL2196,NFL14
CG54,PL2200
PL2200,NFL1
CG78,PL2245
PL2245,NFL2
CG236,PL2254
PL2254,NFL16
CG54,PL2259
PL2259,NFL3
CG52,PL2266
PL2266,NFL0
CG164,PL2293
PL2293,NFL18
CG61,PL2295
PL2295,NFL29
CG25,PL2307
PL2307,NFL28
CG86,PL2310
PL2310,NFL4
CG17,PL2331
PL2331,NFL23
CG54,PL2348
PL2348,NFL17
CG4,PL2349
PL2349,NFL15
CG107,PL2353
PL2353,NFL9
CG70,PL2355
PL2355,NFL10
CG69,PL2358
PL2358,NFL18
CG231,PL2359
PL2359,NFL0
CG135,PL2360
PL2360,NFL15
CG138,PL2361
PL2361,NFL24
CG94,PL2370
PL2370,NFL30
CG96,PL2372
PL2372,NFL4
CG128,PL2378
PL2378,NFL8
CG3,PL2379
PL2379,NFL3
CG31,PL2427
PL2427,NFL21
CG23,PL2430
PL2430,NFL19
CG118,PL2436
PL2436,NFL13
CG112,PL2448
PL2448,NFL26
CG118,PL2462
PL2462,NFL10
CG26,PL2466
PL2466,NFL9
CG4,PL2468
PL2468,NFL20
CG41,PL2469
PL2469,NFL15
CG188,PL2470
PL2470,NFL16
CG21,PL2477
PL2477,NFL1
CG100,PL2490
PL2490,NFL14
CG176,PL2493
PL2493,NFL17
CG68,PL2498
PL2498,NFL20
CG119,PL2526
PL2526,NFL7
CG14,PL2533
PL2533,NFL3
CG99,PL2536
PL2536,NFL1
CG28,PL2545
PL2545,NFL19
CG23,PL2548
PL2548,NFL16
CG74,PL2555
PL2555,NFL5
CG76,PL2556
PL2556,NFL17
CG1,PL2562
PL2562,NFL26
CG19,PL2576
PL2576,NFL26
CG33,PL2608
PL2608,NFL7
CG74,PL2609
PL2609,NFL24
CG25,PL2610
PL2610,NFL9
CG244,PL2611
PL2611,NFL5
CG54,PL2613
PL2613,NFL12
CG33,PL2617
PL2617,NFL23
CG0,PL2625
PL2625,NFL31
CG91,PL2633
PL2633,NFL6
CG1,PL2634
PL2634,NFL12
CG23,PL2650
PL2650,NFL3
CG47,PL2653
PL2653,NFL25
CG226,PL2666
PL2666,NFL31
CG24,PL2667
PL2667,NFL18
CG191,PL2670
PL2670,NFL6
CG74,PL2686
PL2686,NFL30
CG249,PL2701
PL2701,NFL28
CG15,PL2720
PL2720,NFL19
CG122,PL2732
PL2732,NFL17
CG4,PL2750
PL2750,NFL22
CG0,PL2755
PL2755,NFL29
CG198,PL2758
PL2758,NFL24
CG153,PL2759
PL2759,NFL4
CG104,PL2769
PL2769,NFL14
CG68,PL2777
PL2777,NFL31
CG31,PL2778
PL2778,NFL10
CG76,PL2779
PL2779,NFL6
CG8,PL2815
PL2815,NFL30
CG49,PL2816
PL2816,NFL14
CG27,PL2818
PL2818,NFL11
CG65,PL2823
PL2823,NFL8
CG102,PL2824
PL2824,NFL18
CG160,PL2828
PL2828,NFL10
CG137,PL2831
PL2831,NFL19
CG0,PL2833
PL2833,NFL14
CG70,PL2835
PL2835,NFL9
CG135,PL2840
PL2840,NFL4
CG30,PL2852
PL2852,NFL31
CG4,PL2863
PL2863,NFL0
CG103,PL2866
PL2866,NFL13
CG9,PL2877
PL2877,NFL5
CG23,PL2879
PL2879,NFL10
CG28,PL2887
PL2887,NFL28
CG139,PL2888
PL2888,NFL21
CG116,PL2907
PL2907,NFL3
CG137,PL2908
PL2908,NFL17
CG6,PL2910
PL2910,NFL30
CG64,PL2918
PL2918,NFL7
CG100,PL2935
PL2935,NFL24
CG118,PL2953
PL2953,NFL2
CG102,PL2956
PL2956,NFL1
CG85,PL2964
PL2964,NFL28
CG46,PL2973
PL2973,NFL26
CG253,PL2975
PL2975,NFL16
CG230,PL2987
PL2987,NFL25
CG102,PL2997
PL2997,NFL21
CG52,PL2999
PL2999,NFL11
CG6,PL3006
PL3006,NFL8
CG52,PL3008
PL3008,NFL3
CG9,PL3019
PL3019,NFL27
CG103,PL3028
PL3028,NFL10
CG62,PL3030
PL3030,NFL31
CG164,PL3036
PL3036,NFL7
CG1,PL3043
PL3043,NFL12
CG4,PL3057
PL3057,NFL28
CG111,PL3061
PL3061,NFL27
CG4,PL3064
PL3064,NFL22
CG1,PL3066
PL3066,NFL25
CG24,PL3078
PL3078,NFL16
CG54,PL3079
PL3079,NFL15
CG54,PL3085
PL3085,NFL5
CG259,PL3107
PL3107,NFL20
CG27,PL3108
PL3108,NFL21
CG125,PL3109
PL3109,NFL13
CG15,PL3110
PL3110,NFL1
CG42,PL3112
PL3112,NFL11
CG36,PL3113
PL3113,NFL6
CG75,PL3114
PL3114,NFL17
CG105,PL3133
PL3133,NFL3
CG183,PL3152
PL3152,NFL15
CG11,PL3162
PL3162,NFL17
CG9,PL3176
PL3176,NFL0
CG143,PL3180
PL3180,NFL16
CG102,PL3191
PL3191,NFL11
CG1,PL3203
PL3203,NFL25
CG59,PL3206
PL3206,NFL22
CG99,PL3222
PL3222,NFL17
CG55,PL3231
PL3231,NFL23
CG66,PL3244
PL3244,NFL23
CG23,PL3261
PL3261,NFL9
CG42,PL3263
PL3263,NFL6
CG136,PL3267
PL3267,NFL16
CG91,PL3268
PL3268,NFL26
CG3,PL3269
PL3269,NFL2
CG264,PL3283
PL3283,NFL30
CG51,PL3288
PL3288,NFL3
CG1,PL3314
PL3314,NFL9
CG23,PL3325
PL3325,NFL24
CG63,PL3333
PL3333,NFL5
CG113,PL3341
PL3341,NFL11
CG0,PL3367
PL3367,NFL26
CG21,PL3371
PL3371,NFL12
CG46,PL3373
PL3373,NFL1
CG17,PL3379
PL3379,NFL4
CG11,PL3384
PL3384,NFL9
CG33,PL3389
PL3389,NFL1
CG18,PL3393
PL3393,NFL11
CG9,PL3398
PL3398,NFL19
CG66,PL3400
PL3400,NFL21
CG36,PL3408
PL3408,NFL18
CG4,PL3414
PL3414,NFL29
CG83,PL3419
PL3419,NFL18
CG39,PL3433
PL3433,NFL30
CG153,PL3460
PL3460,NFL27
CG46,PL3461
PL3461,NFL17
CG268,PL3464
PL3464,NFL1
CG75,PL3473
PL3473,NFL13
CG52,PL3479
PL3479,NFL28
CG33,PL3498
PL3498,NFL10
CG47,PL3507
PL3507,NFL0
CG4,PL3520
PL3520,NFL10
CG55,PL3522
PL3522,NFL12
CG55,PL3538
PL3538,NFL23
CG97,PL3540
PL3540,NFL20
CG265,PL3541
PL3541,NFL27
CG129,PL3544
PL3544,NFL3
CG9,PL3547
PL3547,NFL26
CG24,PL3551
PL3551,NFL16
CG54,PL3554
PL3554,NFL7
CG62,PL3565
PL3565,NFL6
CG0,PL3566
PL3566,NFL21
CG188,PL3571
PL3571,NFL13
CG19,PL3579
PL3579,NFL19
CG0,PL3583
PL3583,NFL31
CG63,PL3599
PL3599,NFL8
CG32,PL3602
PL3602,NFL11
CG267,PL3605
PL3605,NFL22
CG65,PL3612
PL3612,NFL17
CG58,PL3627
PL3627,NFL10
CG0,PL3640
PL3640,NFL17
CG228,PL3658
PL3658,NFL20
CG11,PL3660
PL3660,NFL28
CG137,PL3662
PL3662,NFL27
CG19,PL3675
PL3675,NFL9
CG87,PL3680
PL3680,NFL17
CG3,PL3684
PL3684,NFL31
CG271,PL3699
PL3699,NFL4
CG58,PL3718
PL3718,NFL1
CG29,PL3729
PL3729,NFL6
CG100,PL3734
PL3734,NFL10
CG204,PL3736
PL3736,NFL30
CG100,PL3739
PL3739,NFL11
CG66,PL3767
PL3767,NFL1
CG31,PL3769
PL3769,NFL4
CG240,PL3770
PL3770,NFL0
CG275,PL3784
PL3784,NFL2
CG103,PL3797
PL3797,NFL4
CG68,PL3802
PL3802,NFL0
CG70,PL3806
PL3806,NFL7
CG20,PL3808
PL3808,NFL6
CG46,PL3812
PL3812,NFL8
CG4,PL3814
PL3814,NFL4
CG1,PL3828
PL3828,NFL13
CG61,PL3830
PL3830,NFL1
CG4,PL3849
PL3849,NFL27
CG195,PL3853
PL3853,NFL18
CG54,PL3861
PL3861,NFL15
CG3,PL3876
PL3876,NFL1
CG75,PL3877
PL3877,NFL31
CG15,PL3881
PL3881,NFL21
CG99,PL3898
PL3898,NFL3
CG66,PL3904
PL3904,NFL28
CG12,PL3907
PL3907,NFL2
CG102,PL3919
PL3919,NFL6
CG96,PL3933
PL3933,NFL3
CG104,PL3948
PL3948,NFL10
CG78,PL3956
PL3956,NFL23
CG1,PL3962
PL3962,NFL15
CG11,PL3963
PL3963,NFL24
CG32,PL3967
PL3967,NFL5
CG2,PL3970
PL3970,NFL18
CG55,PL3994
PL3994,NFL28
CG274,PL3998
PL3998,NFL21
CG111,PL4005
PL4005,NFL4
CG70,PL4010
PL4010,NFL20
CG164,PL4013
PL4013,NFL8
CG282,PL4015
PL4015,NFL29
CG6,PL4043
PL4043,NFL21
CG49,PL4056
PL4056,NFL7
CG63,PL4057
PL4057,NFL20
CG33,PL4071
PL4071,NFL0
CG23,PL4098
PL4098,NFL14
CG32,PL4099
PL4099,NFL24
CG11,PL4108
PL4108,NFL0
CG141,PL4114
PL4114,NFL17
CG111,PL4119
PL4119,NFL10
CG104,PL4125
PL4125,NFL16
CG85,PL4128
PL4128,NFL30
CG39,PL4149
PL4149,NFL19
CG21,PL4160
PL4160,NFL30
CG86,PL4178
PL4178,NFL1
CG74,PL4181
PL4181,NFL8
CG91,PL4193
PL4193,NFL31
CG28,PL4197
PL4197,NFL31
CG18,PL4212
PL4212,NFL18
CG94,PL4213
PL4213,NFL13
CG36,PL4221
PL4221,NFL3
CG52,PL4223
PL4223,NFL12
CG172,PL4229
PL4229,NFL7
CG228,PL4240
PL4240,NFL29
CG18,PL4250
PL4250,NFL13
CG17,PL4251
PL4251,NFL1
CG79,PL4253
PL4253,NFL5
CG54,PL4257
PL4257,NFL27
CG96,PL4265
PL4265,NFL5
CG66,PL4275
PL4275,NFL16
CG27,PL4278
PL4278,NFL23
CG86,PL4280
PL4280,NFL15
CG11,PL4285
PL4285,NFL27
CG112,PL4307
PL4307,NFL11
CG60,PL4309
PL4309,NFL5
CG40,PL4310
PL4310,NFL11
CG43,PL4314
PL4314,NFL7
CG288,PL4316
PL4316,NFL3
CG111,PL4329
PL4329,NFL27
CG29,PL4335
PL4335,NFL18
CG11,PL4336
PL4336,NFL11
CG23,PL4349
PL4349,NFL20
CG4,PL4352
PL4352,NFL8
CG55,PL4362
PL4362,NFL5
CG102,PL4363
PL4363,NFL26
CG23,PL4364
PL4364,NFL22
CG65,PL4378
PL4378,NFL9
CG68,PL4379
PL4379,NFL29
CG103,PL4381
PL4381,NFL24
CG9,PL4402
PL4402,NFL4
CG31,PL4403
PL4403,NFL14
CG132,PL4411
PL4411,NFL30
CG69,PL4439
PL4439,NFL21
CG208,PL4458
PL4458,NFL22
CG49,PL4460
PL4460,NFL18
CG2,PL4465
PL4465,NFL0
CG83,PL4467
PL4467,NFL17
CG2,PL4478
PL4478,NFL19
CG73,PL4486
PL4486,NFL12
CG7,PL4500
PL4500,NFL13
CG105,PL4518
PL4518,NFL9
CG37,PL4519
PL4519,NFL31
CG17,PL4522
PL4522,NFL21
CG292,PL4524
PL4524,NFL29
CG293,PL4533
PL4533,NFL13
CG141,PL4538
PL4538,NFL6
CG34,PL4541
PL4541,NFL17
CG63,PL4542
PL4542,NFL5
CG74,PL4551
PL4551,NFL3
CG75,PL4565
PL4565,NFL8
CG17,PL4569
PL4569,NFL24
CG27,PL4570
PL4570,NFL4
CG9,PL4585
PL4585,NFL31
CG12,PL4586
PL4586,NFL23
CG3,PL4592
PL4592,NFL14
CG63,PL4593
PL4593,NFL2
CG100,PL4602
PL4602,NFL19
CG63,PL4607
PL4607,NFL25
CG27,PL4610
PL4610,NFL26
CG153,PL4613
PL4613,NFL10
CG32,PL4618
PL4618,NFL11
CG46,PL4629
PL4629,NFL12
CG31,PL4651
PL4651,NFL15
CG11,PL4654
PL4654,NFL28
CG15,PL4693
PL4693,NFL30
CG34,PL4701
PL4701,NFL17
CG18,PL4708
PL4708,NFL16
CG123,PL4713
PL4713,NFL13
CG166,PL4717
PL4717,NFL23
CG150,PL4725
PL4725,NFL7
CG291,PL4730
PL4730,NFL27
CG185,PL4731
PL4731,NFL14
CG127,PL4736
PL4736,NFL17
CG149,PL4739
PL4739,NFL5
CG132,PL4743
PL4743,NFL0
CG111,PL4746
PL4746,NFL1
CG7,PL4767
PL4767,NFL18
CG274,PL4774
PL4774,NFL30
CG153,PL4781
PL4781,NFL10
CG23,PL4785
PL4785,NFL31
CG1,PL4791
PL4791,NFL8
CG32,PL4795
PL4795,NFL9
CG1,PL4806
PL4806,NFL3
CG162,PL4812
PL4812,NFL6
CG6,PL4813
PL4813,NFL13
CG63,PL4822
PL4822,NFL26
CG11,PL4827
PL4827,NFL10
CG49,PL4831
PL4831,NFL9
CG23,PL4833
PL4833,NFL21
CG253,PL4844
PL4844,NFL28
CG54,PL4852
PL4852,NFL6
CG91,PL4855
PL4855,NFL26
CG115,PL4859
PL4859,NFL19
CG58,PL4870
PL4870,NFL3
CG11,PL4889
PL4889,NFL10
CG164,PL4892
PL4892,NFL31
CG32,PL4893
PL4893,NFL18
CG296,PL4896
PL4896,NFL5
CG11,PL4901
PL4901,NFL2
CG87,PL4902
PL4902,NFL26
CG23,PL4903
PL4903,NFL23
CG49,PL4922
PL4922,NFL19
CG100,PL4926
PL4926,NFL9
CG183,PL4934
PL4934,NFL22
CG62,PL4937
PL4937,NFL11
CG190,PL4944
PL4944,NFL8
CG54,PL4966
PL4966,NFL2
CG186,PL4974
PL4974,NFL11
CG32,PL4976
PL4976,NFL28
CG116,PL4977
PL4977,NFL18
CG35,PL4988
PL4988,NFL16
CG27,PL4993
PL4993,NFL31
CG149,PL4995
PL4995,NFL13
CG195,PL4998
PL4998,NFL23
CG62,PL5019
PL5019,NFL6
CG115,PL5023
PL5023,NFL27
CG202,PL5031
PL5031,NFL28
CG165,PL5056
PL5056,NFL8
CG36,PL5065
PL5065,NFL11
CG253,PL5069
PL5069,NFL18
CG61,PL5073
PL5073,NFL14
CG12,PL5083
PL5083,NFL30
CG1,PL5085
PL5085,NFL0
CG51,PL5090
PL5090,NFL9
CG96,PL5109
PL5109,NFL26
CG111,PL5130
PL5130,NFL8
CG73,PL5148
PL5148,NFL31
CG82,PL5155
PL5155,NFL31
CG55,PL5159
PL5159,NFL23
CG23,PL5170
PL5170,NFL18
CG6,PL5175
PL5175,NFL10
CG137,PL5179
PL5179,NFL3
CG110,PL5182
PL5182,NFL21
CG54,PL5185
PL5185,NFL28
CG70,PL5195
PL5195,NFL29
CG74,PL5207
PL5207,NFL19
CG78,PL5225
PL5225,NFL26
CG198,PL5241
PL5241,NFL13
CG17,PL5243
PL5243,NFL9
CG9,PL5248
PL5248,NFL1
CG97,PL5262
PL5262,NFL17
CG251,PL5269
PL5269,NFL29
CG1,PL5272
PL5272,NFL11
CG143,PL5277
PL5277,NFL19
CG94,PL5280
PL5280,NFL18
CG303,PL5289
PL5289,NFL11
CG153,PL5293
PL5293,NFL14
CG141,PL5297
PL5297,NFL31
CG27,PL5316
PL5316,NFL4
CG243,PL5317
PL5317,NFL24
CG166,PL5323
PL5323,NFL13
CG31,PL5345
PL5345,NFL17
CG195,PL5350
PL5350,NFL16
CG111,PL5359
PL5359,NFL18
CG20,PL5361
PL5361,NFL25
CG23,PL5363
PL5363,NFL4
CG66,PL5371
PL5371,NFL21
CG39,PL5379
PL5379,NFL7
CG46,PL5381
PL5381,NFL24
CG33,PL5384
PL5384,NFL5
CG123,PL5399
PL5399,NFL5
CG11,PL5400
PL5400,NFL25
CG63,PL5403
PL5403,NFL13
CG143,PL5411
PL5411,NFL12
CG19,PL5421
PL5421,NFL9
CG52,PL5425
PL5425,NFL30
CG46,PL5435
PL5435,NFL15
CG7,PL5443
PL5443,NFL13
CG253,PL5479
PL5479,NFL11
CG20,PL5489
PL5489,NFL8
CG18,PL5496
PL5496,NFL10
CG137,PL5498
PL5498,NFL23
CG193,PL5499
PL5499,NFL14
CG310,PL5503
PL5503,NFL2
CG12,PL5521
PL5521,NFL6
CG78,PL5522
PL5522,NFL0
CG111,PL5533
PL5533,NFL27
CG69,PL5544
PL5544,NFL1
CG96,PL5557
PL5557,NFL15
CG6,PL5563
PL5563,NFL22
CG244,PL5567
PL5567,NFL8
CG23,PL5577
PL5577,NFL5
CG63,PL5585
PL5585,NFL12
CG23,PL5586
PL5586,NFL4
CG78,PL5597
PL5597,NFL15
CG111,PL5616
PL5616,NFL17
CG27,PL5617
PL5617,NFL28
CG52,PL5623
PL5623,NFL9
CG127,PL5658
PL5658,NFL2
CG49,PL5668
PL5668,NFL17
CG24,PL5678
PL5678,NFL31
CG32,PL5685
PL5685,NFL14
CG21,PL5686
PL5686,NFL27
CG90,PL5697
PL5697,NFL29
CG15,PL5709
PL5709,NFL0
CG52,PL5720
PL5720,NFL25
CG35,PL5740
PL5740,NFL12
CG270,PL5760
PL5760,NFL19
CG63,PL5762
PL5762,NFL24
CG118,PL5765
PL5765,NFL28
CG49,PL5767
PL5767,NFL4
CG54,PL5783
PL5783,NFL11
CG70,PL5793
PL5793,NFL9
CG80,PL5802
PL5802,NFL7
CG306,PL5805
PL5805,NFL16
CG54,PL5811
PL5811,NFL2
CG1,PL5817
PL5817,NFL24
CG4,PL5828
PL5828,NFL30
CG96,PL5829
PL5829,NFL25
CG13,PL5834
PL5834,NFL8
CG104,PL5841
PL5841,NFL2
CG9,PL5844
PL5844,NFL5
CG102,PL5851
PL5851,NFL22
CG49,PL5853
PL5853,NFL15
CG33,PL5862
PL5862,NFL31
CG17,PL5866
PL5866,NFL11
CG162,PL5899
PL5899,NFL1
CG82,PL5904
PL5904,NFL29
CG16,PL5920
PL5920,NFL6
CG75,PL5924
PL5924,NFL22
CG75,PL5942
PL5942,NFL9
CG318,PL5945
PL5945,NFL28
CG9,PL5946
PL5946,NFL27
CG14,PL5963
PL5963,NFL21
CG39,PL5969
PL5969,NFL18
CG137,PL5970
PL5970,NFL1
CG255,PL5975
PL5975,NFL27
CG68,PL5986
PL5986,NFL28
CG111,PL5990
PL5990,NFL4
CG23,PL5995
PL5995,NFL6
CG250,PL5996
PL5996,NFL21
CG11,PL6009
PL6009,NFL19
CG2,PL6014
PL6014,NFL27
CG284,PL6027
PL6027,NFL15
CG190,PL6037
PL6037,NFL6
CG253,PL6038
PL6038,NFL6
CG52,PL6059
PL6059,NFL14
CG19,PL6060
PL6060,NFL12
CG78,PL6067
PL6067,NFL14
CG1,PL6071
PL6071,NFL23
CG100,PL6073
PL6073,NFL1
CG55,PL6110
PL6110,NFL0
CG18,PL6124
PL6124,NFL22
CG1,PL6130
PL6130,NFL20
CG63,PL6141
PL6141,NFL19
CG11,PL6144
PL6144,NFL28
CG102,PL6153
PL6153,NFL11
CG35,PL6176
PL6176,NFL8
CG23,PL6179
PL6179,NFL31
CG75,PL6202
PL6202,NFL10
CG25,PL6208
PL6208,NFL13
CG17,PL6210
PL6210,NFL26
CG11,PL6219
PL6219,NFL7
CG11,PL6225
PL6225,NFL22
CG54,PL6229
PL6229,NFL29
CG164,PL6236
PL6236,NFL11
CG326,PL6246
PL6246,NFL22
CG46,PL6247
PL6247,NFL27
CG12,PL6266
PL6266,NFL23
CG111,PL6275
PL6275,NFL0
CG150,PL6280
PL6280,NFL2
CG31,PL6282
PL6282,NFL6
CG63,PL6294
PL6294,NFL26
CG238,PL6298
PL6298,NFL9
CG21,PL6302
PL6302,NFL30
CG298,PL6308
PL6308,NFL12
CG78,PL6328
PL6328,NFL9
CG54,PL6332
PL6332,NFL7
CG65,PL6335
PL6335,NFL5
CG9,PL6340
PL6340,NFL26
CG52,PL6341
PL6341,NFL10
CG43,PL6344
PL6344,NFL30
CG2,PL6346
PL6346,NFL24
CG2,PL6351
PL6351,NFL16
CG80,PL6352
PL6352,NFL2
CG191,PL6356
PL6356,NFL13
CG75,PL6379
PL6379,NFL14
CG27,PL6381
PL6381,NFL22
CG111,PL6398
PL6398,NFL1
CG17,PL6403
PL6403,NFL28
CG234,PL6407
PL6407,NFL28
CG75,PL6412
PL6412,NFL20
CG76,PL6419
PL6419,NFL30
CG23,PL6420
PL6420,NFL29
CG149,PL6428
PL6428,NFL2
CG23,PL6449
PL6449,NFL13
CG221,PL6457
PL6457,NFL11
CG113,PL6477
PL6477,NFL24
CG58,PL6480
PL6480,NFL11
CG99,PL6481
PL6481,NFL31
CG99,PL6487
PL6487,NFL27
CG331,PL6492
PL6492,NFL11
CG73,PL6498
PL6498,NFL20
CG11,PL6502
PL6502,NFL8
CG54,PL6539
PL6539,NFL31
CG137,PL6548
PL6548,NFL25
CG33,PL6557
PL6557,NFL12
CG63,PL6578
PL6578,NFL29
CG28,PL6582
PL6582,NFL19
CG96,PL6584
PL6584,NFL16
CG82,PL6588
PL6588,NFL24
CG63,PL6592
PL6592,NFL4
CG19,PL6608
PL6608,NFL9
CG54,PL6634
PL6634,NFL20
CG63,PL6636
PL6636,NFL4
CG43,PL6643
PL6643,NFL8
CG228,PL6646
PL6646,NFL23
CG100,PL6654
PL6654,NFL30
CG13,PL6657
PL6657,NFL3
CG127,PL6661
PL6661,NFL2
CG141,PL6666
PL6666,NFL22
CG41,PL6686
PL6686,NFL18
CG130,PL6708
PL6708,NFL4
CG253,PL6714
PL6714,NFL18
CG7,PL6718
PL6718,NFL28
CG190,PL6719
PL6719,NFL20
CG13,PL6727
PL6727,NFL8
CG195,PL6730
PL6730,NFL24
CG11,PL6737
PL6737,NFL13
CG1,PL6742
PL6742,NFL18
CG150,PL6747
PL6747,NFL0
CG29,PL6752
PL6752,NFL4
CG9,PL6760
PL6760,NFL14
CG111,PL6787
PL6787,NFL10
CG253,PL6792
PL6792,NFL29
CG49,PL6800
PL6800,NFL4
CG52,PL6808
PL6808,NFL26
CG4,PL6816
PL6816,NFL30
CG24,PL6818
PL6818,NFL11
CG334,PL6819
PL6819,NFL22
CG12,PL6849
PL6849,NFL9
CG20,PL6885
PL6885,NFL11
CG303,PL6893
PL6893,NFL27
CG162,PL6896
PL6896,NFL25
CG78,PL6898
PL6898,NFL26
CG17,PL6914
PL6914,NFL28
CG29,PL6915
PL6915,NFL19
CG20,PL6917
PL6917,NFL20
CG336,PL6931
PL6931,NFL24
CG86,PL6944
PL6944,NFL20
CG275,PL6945
PL6945,NFL11
CG8,PL6947
PL6947,NFL31
CG132,PL6948
PL6948,NFL18
CG74,PL6957
PL6957,NFL0
CG25,PL6974
PL6974,NFL2
CG24,PL6980
PL6980,NFL25
CG228,PL6986
PL6986,NFL22
CG197,PL6992
PL6992,NFL16
CG246,PL6994
PL6994,NFL0
CG35,PL7006
PL7006,NFL8
CG143,PL7029
PL7029,NFL20
CG190,PL7031
PL7031,NFL27
CG302,PL7034
PL7034,NFL8
CG284,PL7037
PL7037,NFL30
CG15,PL7044
PL7044,NFL26
CG150,PL7047
PL7047,NFL5
CG342,PL7048
PL7048,NFL2
CG41,PL7049
PL7049,NFL12
CG221,PL7057
PL7057,NFL29
CG303,PL7060
PL7060,NFL18
CG33,PL7063
PL7063,NFL14
CG81,PL7077
PL7077,NFL16
CG323,PL7078
PL7078,NFL5
CG114,PL7088
PL7088,NFL24
CG102,PL7089
PL7089,NFL18
CG39,PL7101
PL7101,NFL7
CG111,PL7103
PL7103,NFL29
CG78,PL7104
PL7104,NFL13
CG63,PL7114
PL7114,NFL12
CG63,PL7133
PL7133,NFL27
CG1,PL7137
PL7137,NFL9
CG3,PL7142
PL7142,NFL23
CG105,PL7149
PL7149,NFL7
CG11,PL7157
PL7157,NFL4
CG150,PL7159
PL7159,NFL16
CG23,PL7164
PL7164,NFL9
CG33,PL7165
PL7165,NFL23
CG253,PL7168
PL7168,NFL28
CG35,PL7174
PL7174,NFL5
CG62,PL7180
PL7180,NFL18
CG252,PL7181
PL7181,NFL22
CG17,PL7191
PL7191,NFL3
CG96,PL7200
PL7200,NFL10
CG54,PL7220
PL7220,NFL20
CG111,PL7225
PL7225,NFL31
CG115,PL7232
PL7232,NFL26
CG49,PL7271
PL7271,NFL25
CG70,PL7293
PL7293,NFL11
CG66,PL7311
PL7311,NFL1
CG351,PL7312
PL7312,NFL8
CG104,PL7323
PL7323,NFL4
CG28,PL7325
PL7325,NFL29
CG80,PL7329
PL7329,NFL26
CG36,PL7330
PL7330,NFL20
CG32,PL7331
PL7331,NFL10
CG100,PL7336
PL7336,NFL12
CG13,PL7340
PL7340,NFL5
CG61,PL7343
PL7343,NFL18
CG336,PL7346
PL7346,NFL13
CG111,PL7369
PL7369,NFL24
CG355,PL7379
PL7379,NFL22
CG1,PL7389
PL7389,NFL28
CG51,PL7393
PL7393,NFL1
CG287,PL7402
PL7402,NFL16
CG28,PL7405
PL7405,NFL11
CG63,PL7414
PL7414,NFL20
CG238,PL7415
PL7415,NFL14
CG252,PL7419
PL7419,NFL3
CG55,PL7449
PL7449,NFL29
CG58,PL7451
PL7451,NFL2
CG86,PL7473
PL7473,NFL19
CG64,PL7481
PL7481,NFL0
CG11,PL7491
PL7491,NFL1
CG203,PL7500
PL7500,NFL19
CG9,PL7503
PL7503,NFL24
CG23,PL7506
PL7506,NFL25
CG4,PL7511
PL7511,NFL31
CG150,PL7519
PL7519,NFL28
CG9,PL7520
PL7520,NFL9
CG84,PL7539
PL7539,NFL16
CG78,PL7541
PL7541,NFL7
CG21,PL7545
PL7545,NFL10
CG43,PL7555
PL7555,NFL11
CG123,PL7556
PL7556,NFL19
CG139,PL7563
PL7563,NFL2
CG151,PL7565
PL7565,NFL0
CG70,PL7576
PL7576,NFL20
CG84,PL7578
PL7578,NFL9
CG15,PL7584
PL7584,NFL30
CG339,PL7610
PL7610,NFL22
CG25,PL7617
PL7617,NFL7
CG111,PL7628
PL7628,NFL12
CG75,PL7643
PL7643,NFL1
CG63,PL7646
PL7646,NFL2
CG364,PL7655
PL7655,NFL25
CG25,PL7660
PL7660,NFL20
CG5,PL7661
PL7661,NFL8
CG115,PL7663
PL7663,NFL26
CG23,PL7668
PL7668,NFL30
CG85,PL7672
PL7672,NFL16
CG125,PL7681
PL7681,NFL7
CG3,PL7683
PL7683,NFL27
CG11,PL7704
PL7704,NFL4
CG365,PL7705
PL7705,NFL0
CG193,PL7715
PL7715,NFL8
CG190,PL7723
PL7723,NFL19
CG253,PL7726
PL7726,NFL3
CG52,PL7736
PL7736,NFL7
CG20,PL7737
PL7737,NFL10
CG42,PL7741
PL7741,NFL28
CG294,PL7746
PL7746,NFL26
CG284,PL7749
PL7749,NFL22
CG61,PL7770
PL7770,NFL24
CG49,PL7776
PL7776,NFL25
CG274,PL7781
PL7781,NFL13
CG39,PL7784
PL7784,NFL7
CG55,PL7785
PL7785,NFL26
CG12,PL7787
PL7787,NFL4
CG12,PL7814
PL7814,NFL28
CG91,PL7815
PL7815,NFL9
CG217,PL7836
PL7836,NFL8
CG33,PL7854
PL7854,NFL24
CG32,PL7858
PL7858,NFL20
CG9,PL7863
PL7863,NFL8
CG54,PL7864
PL7864,NFL14
CG195,PL7866
PL7866,NFL1
CG14,PL7870
PL7870,NFL26
CG367,PL7878
PL7878,NFL11
CG368,PL7880
PL7880,NFL2
CG52,PL7889
PL7889,NFL30
CG153,PL7897
PL7897,NFL28
CG369,PL7898
PL7898,NFL9
CG0,PL7906
PL7906,NFL18
CG149,PL7907
PL7907,NFL2
CG193,PL7913
PL7913,NFL27
CG85,PL7948
PL7948,NFL10
CG132,PL7958
PL7958,NFL22
CG13,PL7967
PL7967,NFL27
CG215,PL7993
PL7993,NFL25
CG8,PL8007
PL8007,NFL7
CG96,PL8013
PL8013,NFL12
CG312,PL8023
PL8023,NFL30
CG41,PL8031
PL8031,NFL31
CG20,PL8039
PL8039,NFL9
CG274,PL8056
PL8056,NFL4
CG266,PL8061
PL8061,NFL1
CG18,PL8062
PL8062,NFL29
CG269,PL8074
PL8074,NFL18
CG23,PL8075
PL8075,NFL2
CG166,PL8081
PL8081,NFL27
CG55,PL8084
PL8084,NFL31
CG1,PL8089
PL8089,NFL16
CG17,PL8095
PL8095,NFL3
CG24,PL8096
PL8096,NFL11
CG63,PL8100
PL8100,NFL29
CG111,PL8104
PL8104,NFL22
CG21,PL8109
PL8109,NFL30
CG4,PL8116
PL8116,NFL31
CG100,PL8135
PL8135,NFL30
CG63,PL8138
PL8138,NFL23
CG63,PL8141
PL8141,NFL27
CG33,PL8147
PL8147,NFL7
CG7,PL8149
PL8149,NFL22
CG36,PL8154
PL8154,NFL8
CG96,PL8164
PL8164,NFL23
CG25,PL8185
PL8185,NFL28
CG4,PL8186
PL8186,NFL24
CG238,PL8227
PL8227,NFL13
CG274,PL8255
PL8255,NFL13
CG35,PL8258
PL8258,NFL7
CG340,PL8265
PL8265,NFL19
CG65,PL8268
PL8268,NFL0
CG86,PL8270
PL8270,NFL24
CG87,PL8271
PL8271,NFL9
CG33,PL8288
PL8288,NFL3
CG20,PL8290
PL8290,NFL30
CG66,PL8305
PL8305,NFL26
CG14,PL8313
PL8313,NFL28
CG137,PL8321
PL8321,NFL29
CG4,PL8334
PL8334,NFL31
CG100,PL8343
PL8343,NFL7
CG183,PL8349
PL8349,NFL0
CG29,PL8360
PL8360,NFL20
CG14,PL8367
PL8367,NFL13
CG190,PL8368
PL8368,NFL4
CG149,PL8374
PL8374,NFL5
CG132,PL8388
PL8388,NFL26
CG69,PL8390
PL8390,NFL27
CG30,PL8395
PL8395,NFL10
CG302,PL8396
PL8396,NFL25
CG55,PL8400
PL8400,NFL11
CG352,PL8421
PL8421,NFL30
CG12,PL8441
PL8441,NFL20
CG23,PL8448
PL8448,NFL18
CG49,PL8449
PL8449,NFL5
CG20,PL8461
PL8461,NFL27
CG107,PL8475
PL8475,NFL31
CG96,PL8477
PL8477,NFL12
CG245,PL8478
PL8478,NFL4
CG346,PL8487
PL8487,NFL9
CG109,PL8492
PL8492,NFL11
CG75,PL8504
PL8504,NFL5
CG10,PL8516
PL8516,NFL29
CG21,PL8527
PL8527,NFL4
CG193,PL8533
PL8533,NFL5
CG180,PL8535
PL8535,NFL25
CG70,PL8545
PL8545,NFL29
CG15,PL8549
PL8549,NFL28
CG9,PL8555
PL8555,NFL1
CG22,PL8566
PL8566,NFL11
CG35,PL8573
PL8573,NFL27
CG2,PL8577
PL8577,NFL16
CG266,PL8582
PL8582,NFL2
CG75,PL8584
PL8584,NFL24
CG47,PL8591
PL8591,NFL25
CG1,PL8594
PL8594,NFL22
CG15,PL8622
PL8622,NFL20
CG111,PL8653
PL8653,NFL9
CG73,PL8678
PL8678,NFL20
CG24,PL8679
PL8679,NFL7
CG168,PL8683
PL8683,NFL27
CG13,PL8690
PL8690,NFL23
CG36,PL8694
PL8694,NFL14
CG150,PL8702
PL8702,NFL11
CG147,PL8718
PL8718,NFL28
CG150,PL8721
PL8721,NFL1
CG70,PL8724
PL8724,NFL14
CG164,PL8735
PL8735,NFL7
CG100,PL8773
PL8773,NFL29
CG111,PL8776
PL8776,NFL10
CG103,PL8789
PL8789,NFL20
CG52,PL8798
PL8798,NFL26
CG29,PL8800
PL8800,NFL14
CG185,PL8831
PL8831,NFL1
CG86,PL8837
PL8837,NFL31
CG364,PL8841
PL8841,NFL25
CG199,PL8843
PL8843,NFL27
CG202,PL8845
PL8845,NFL28
CG340,PL8862
PL8862,NFL12
CG11,PL8875
PL8875,NFL16
CG52,PL8885
PL8885,NFL5
CG66,PL8893
PL8893,NFL31
CG78,PL8894
PL8894,NFL5
CG148,PL8897
PL8897,NFL27
CG122,PL8909
PL8909,NFL13
CG34,PL8910
PL8910,NFL22
CG85,PL8912
PL8912,NFL5
CG239,PL8914
PL8914,NFL13
CG123,PL8916
PL8916,NFL18
CG340,PL8924
PL8924,NFL19
CG111,PL8925
PL8925,NFL30
CG23,PL8942
PL8942,NFL24
CG80,PL8960
PL8960,NFL7
CG153,PL8977
PL8977,NFL8
CG333,PL8999
PL8999,NFL18
CG297,PL9010
PL9010,NFL30
CG191,PL9022
PL9022,NFL1
CG116,PL9045
PL9045,NFL7
CG327,PL9059
PL9059,NFL24
CG47,PL9060
PL9060,NFL31
CG123,PL9063
PL9063,NFL13
CG270,PL9066
PL9066,NFL27
CG95,PL9078
PL9078,NFL14
CG8,PL9085
PL9085,NFL3
CG46,PL9098
PL9098,NFL2
CG63,PL9101
PL9101,NFL10
CG333,PL9104
PL9104,NFL1
CG11,PL9111
PL9111,NFL3
CG91,PL9119
PL9119,NFL18
CG253,PL9130
PL9130,NFL8
CG72,PL9134
PL9134,NFL5
CG30,PL9138
PL9138,NFL30
CG18,PL9166
PL9166,NFL31
CG25,PL9167
PL9167,NFL3
CG20,PL9169
PL9169,NFL23
CG0,PL9173
PL9173,NFL16
CG155,PL9174
PL9174,NFL8
CG35,PL9177
PL9177,NFL13
CG21,PL9182
PL9182,NFL2
CG368,PL9186
PL9186,NFL11
CG10,PL9196
PL9196,NFL24
CG32,PL9218
PL9218,NFL8
CG44,PL9220
PL9220,NFL5
CG42,PL9222
PL9222,NFL2
CG28,PL9233
PL9233,NFL12
CG100,PL9249
PL9249,NFL30
CG29,PL9258
PL9258,NFL20
CG25,PL9261
PL9261,NFL25
CG335,PL9263
PL9263,NFL26
CG16,PL9265
PL9265,NFL29
CG4,PL9266
PL9266,NFL27
CG20,PL9275
PL9275,NFL3
CG143,PL9287
PL9287,NFL25
CG199,PL9290
PL9290,NFL26
CG91,PL9291
PL9291,NFL4
CG24,PL9297
PL9297,NFL28
CG270,PL9303
PL9303,NFL29
CG203,PL9308
PL9308,NFL23
CG73,PL9313
PL9313,NFL20
CG306,PL9341
PL9341,NFL16
CG55,PL9345
PL9345,NFL7
CG58,PL9368
PL9368,NFL20
CG23,PL9393
PL9393,NFL18
CG132,PL9402
PL9402,NFL26
CG68,PL9406
PL9406,NFL2
CG132,PL9424
PL9424,NFL24
CG33,PL9427
PL9427,NFL19
CG111,PL9440
PL9440,NFL30
CG115,PL9446
PL9446,NFL9
CG42,PL9464
PL9464,NFL8
CG274,PL9470
PL9470,NFL7
CG49,PL9472
PL9472,NFL23
CG41,PL9473
PL9473,NFL26
CG86,PL9518
PL9518,NFL8
CG10,PL9527
PL9527,NFL26
CG11,PL9531
PL9531,NFL9
CG190,PL9543
PL9543,NFL25
CG166,PL9545
PL9545,NFL2
CG150,PL9569
PL9569,NFL28
CG68,PL9577
PL9577,NFL16
CG35,PL9584
PL9584,NFL20
CG327,PL9594
PL9594,NFL5
CG2,PL9597
PL9597,NFL22
CG139,PL9615
PL9615,NFL24
CG74,PL9618
PL9618,NFL14
CG33,PL9620
PL9620,NFL20
CG91,PL9635
PL9635,NFL31
CG32,PL9650
PL9650,NFL26
CG62,PL9658
PL9658,NFL16
CG58,PL9669
PL9669,NFL7
CG7,PL9698
PL9698,NFL1
CG253,PL9710
PL9710,NFL13
CG54,PL9716
PL9716,NFL30
CG28,PL9722
PL9722,NFL8
CG47,PL9730
PL9730,NFL1
CG63,PL9731
PL9731,NFL16
CG1,PL9733
PL9733,NFL4
CG111,PL9736
PL9736,NFL11
CG8,PL9738
PL9738,NFL2
CG368,PL9741
PL9741,NFL13
CG14,PL9745
PL9745,NFL8
CG3,PL9749
PL9749,NFL18
CG406,PL9754
PL9754,NFL22
CG8,PL9757
PL9757,NFL29
CG28,PL9758
PL9758,NFL14
CG111,PL9777
PL9777,NFL31
CG75,PL9791
PL9791,NFL30
CG21,PL9800
PL9800,NFL26
CG111,PL9806
PL9806,NFL24
CG118,PL9811
PL9811,NFL9
CG52,PL9819
PL9819,NFL18
CG13,PL9821
PL9821,NFL19
CG249,PL9833
PL9833,NFL24
CG100,PL9837
PL9837,NFL2
CG52,PL9844
PL9844,NFL21
CG111,PL9863
PL9863,NFL11
CG5,PL9882
PL9882,NFL23
CG166,PL9889
PL9889,NFL30
CG20,PL9892
PL9892,NFL9
CG49,PL9893
PL9893,NFL30
CG100,PL9897
PL9897,NFL3
CG33,PL9899
PL9899,NFL9
CG150,PL9900
PL9900,NFL22
CG193,PL9906
PL9906,NFL19
CG186,PL9907
PL9907,NFL4
CG132,PL9913
PL9913,NFL7
CG20,PL9915
PL9915,NFL13
CG190,PL9918
PL9918,NFL16
CG70,PL9929
PL9929,NFL20
CG54,PL9930
PL9930,NFL30
CG63,PL9935
PL9935,NFL26
CG86,PL9980
PL9980,NFL10
CG103,PL9982
PL9982,NFL12
CG40,PL9998
PL9998,NFL16
CG389,PL10011
PL10011,NFL11
CG52,PL10028
PL10028,NFL4
CG42,PL10035
PL10035,NFL3
CG226,PL10050
PL10050,NFL24
CG20,PL10054
PL10054,NFL30
CG25,PL10059
PL10059,NFL2
CG42,PL10061
PL10061,NFL22
CG1,PL10062
PL10062,NFL10
CG186,PL10066
PL10066,NFL21
CG86,PL10071
PL10071,NFL31
CG3,PL10076
PL10076,NFL5
CG68,PL10078
PL10078,NFL8
CG9,PL10092
PL10092,NFL12
CG111,PL10104
PL10104,NFL28
CG19,PL10106
PL10106,NFL27
CG3,PL10112
PL10112,NFL8
CG12,PL10113
PL10113,NFL19
CG4,PL10143
PL10143,NFL18
CG193,PL10145
PL10145,NFL12
CG5,PL10149
PL10149,NFL24
CG253,PL10154
PL10154,NFL14
CG42,PL10156
PL10156,NFL13
CG27,PL10159
PL10159,NFL27
CG64,PL10161
PL10161,NFL27
CG41,PL10182
PL10182,NFL31
CG123,PL10187
PL10187,NFL20
CG47,PL10199
PL10199,NFL18
CG35,PL10251
PL10251,NFL4
CG131,PL10252
PL10252,NFL19
CG8,PL10256
PL10256,NFL2
CG153,PL10280
PL10280,NFL7
CG69,PL10294
PL10294,NFL23
CG149,PL10317
PL10317,NFL24
CG75,PL10337
PL10337,NFL19
CG22,PL10352
PL10352,NFL16
CG63,PL10360
PL10360,NFL28
CG100,PL10377
PL10377,NFL30
CG15,PL10380
PL10380,NFL13
CG4,PL10381
PL10381,NFL3
CG106,PL10384
PL10384,NFL7
CG412,PL10387
PL10387,NFL29
CG91,PL10389
PL10389,NFL28
CG61,PL10393
PL10393,NFL19
CG391,PL10394
PL10394,NFL2
CG297,PL10408
PL10408,NFL3
CG18,PL10413
PL10413,NFL11
CG63,PL10423
PL10423,NFL12
CG118,PL10436
PL10436,NFL10
CG42,PL10442
PL10442,NFL7
CG23,PL10463
PL10463,NFL10
CG13,PL10465
PL10465,NFL16
CG55,PL10476
PL10476,NFL8
CG1,PL10479
PL10479,NFL29
CG21,PL10485
PL10485,NFL5
CG35,PL10493
PL10493,NFL31
CG32,PL10502
PL10502,NFL8
CG98,PL10505
PL10505,NFL20
CG238,PL10510
PL10510,NFL12
CG47,PL10513
PL10513,NFL23
CG0,PL10514
PL10514,NFL30
CG21,PL10523
PL10523,NFL28
CG4,PL10525
PL10525,NFL7
CG244,PL10526
PL10526,NFL9
CG139,PL10553
PL10553,NFL9
CG21,PL10571
PL10571,NFL5
CG41,PL10587
PL10587,NFL8
CG62,PL10588
PL10588,NFL22
CG54,PL10593
PL10593,NFL27
CG346,PL10596
PL10596,NFL23
CG25,PL10611
PL10611,NFL24
CG47,PL10621
PL10621,NFL2
CG41,PL10624
PL10624,NFL30
CG106,PL10627
PL10627,NFL14
CG76,PL10632
PL10632,NFL28
CG132,PL10661
PL10661,NFL12
CG15,PL10662
PL10662,NFL23
CG15,PL10672
PL10672,NFL29
CG2,PL10679
PL10679,NFL30
CG63,PL10689
PL10689,NFL30
CG85,PL10692
PL10692,NFL16
CG118,PL10703
PL10703,NFL27
CG222,PL10710
PL10710,NFL14
CG137,PL10714
PL10714,NFL21
CG63,PL10716
PL10716,NFL18
CG364,PL10717
PL10717,NFL12
CG7,PL10727
PL10727,NFL13
CG270,PL10753
PL10753,NFL22
CG65,PL10755
PL10755,NFL29
CG70,PL10760
PL10760,NFL2
CG96,PL10776
PL10776,NFL14
CG9,PL10805
PL10805,NFL2
CG187,PL10807
PL10807,NFL4
CG65,PL10820
PL10820,NFL7
CG132,PL10837
PL10837,NFL20
CG0,PL10845
PL10845,NFL11
CG54,PL10846
PL10846,NFL21
CG80,PL10848
PL10848,NFL5
CG69,PL10858
PL10858,NFL12
CG4,PL10872
PL10872,NFL28
CG105,PL10905
PL10905,NFL28
CG49,PL10916
PL10916,NFL12
CG30,PL10918
PL10918,NFL24
CG150,PL10930
PL10930,NFL13
CG290,PL10931
PL10931,NFL3
CG107,PL10941
PL10941,NFL31
CG237,PL10951
PL10951,NFL9
CG66,PL10955
PL10955,NFL18
CG61,PL10975
PL10975,NFL20
CG29,PL10980
PL10980,NFL7
CG33,PL10988
PL10988,NFL28
CG32,PL10998
PL10998,NFL4
CG86,PL10999
PL10999,NFL14
CG11,PL11004
PL11004,NFL29
CG210,PL11006
PL11006,NFL30
CG212,PL11007
PL11007,NFL9
CG132,PL11016
PL11016,NFL16
CG149,PL11028
PL11028,NFL18
CG308,PL11032
PL11032,NFL23
CG87,PL11039
PL11039,NFL10
CG74,PL11055
PL11055,NFL18
CG12,PL11056
PL11056,NFL19
CG117,PL11059
PL11059,NFL20
CG16,PL11062
PL11062,NFL30
CG15,PL11067
PL11067,NFL30
CG186,PL11080
PL11080,NFL3
CG22,PL11086
PL11086,NFL20
CG249,PL11089
PL11089,NFL22
CG3,PL11096
PL11096,NFL8
CG8,PL11111
PL11111,NFL26
CG68,PL11125
PL11125,NFL4
CG43,PL11127
PL11127,NFL5
CG234,PL11130
PL11130,NFL31
CG111,PL11149
PL11149,NFL30
CG354,PL11180
PL11180,NFL30
CG82,PL11195
PL11195,NFL22
CG54,PL11201
PL11201,NFL9
CG33,PL11217
PL11217,NFL19
CG97,PL11221
PL11221,NFL30
CG227,PL11230
PL11230,NFL10
CG20,PL11231
PL11231,NFL28
CG21,PL11255
PL11255,NFL29
CG49,PL11264
PL11264,NFL30
CG85,PL11284
PL11284,NFL11
CG84,PL11297
PL11297,NFL12
CG238,PL11316
PL11316,NFL4
CG17,PL11324
PL11324,NFL14
CG252,PL11327
PL11327,NFL16
CG310,PL11328
PL11328,NFL22
CG191,PL11333
PL11333,NFL18
CG3,PL11340
PL11340,NFL1
CG190,PL11352
PL11352,NFL26
CG132,PL11355
PL11355,NFL11
CG303,PL11359
PL11359,NFL28
CG30,PL11361
PL11361,NFL24
CG3,PL11368
PL11368,NFL28
CG422,PL11376
PL11376,NFL27
CG99,PL11381
PL11381,NFL16
CG313,PL11390
PL11390,NFL14
CG27,PL11396
PL11396,NFL21
CG184,PL11404
PL11404,NFL2
CG294,PL11416
PL11416,NFL7
CG164,PL11418
PL11418,NFL30
CG23,PL11422
PL11422,NFL27
CG35,PL11425
PL11425,NFL11
CG21,PL11433
PL11433,NFL22
CG52,PL11472
PL11472,NFL30
CG251,PL11484
PL11484,NFL8
CG150,PL11496
PL11496,NFL24
CG33,PL11500
PL11500,NFL12
CG8,PL11502
PL11502,NFL10
CG23,PL11510
PL11510,NFL1
CG244,PL11516
PL11516,NFL30
CG18,PL11517
PL11517,NFL20
CG315,PL11518
PL11518,NFL10
CG28,PL11527
PL11527,NFL3
CG190,PL11531
PL11531,NFL28
CG43,PL11541
PL11541,NFL26
CG52,PL11544
PL11544,NFL13
CG150,PL11553
PL11553,NFL28
CG424,PL11556
PL11556,NFL5
CG294,PL11565
PL11565,NFL23
CG190,PL11571
PL11571,NFL13
CG68,PL11579
PL11579,NFL9
CG12,PL11581
PL11581,NFL4
CG15,PL11583
PL11583,NFL3
CG137,PL11584
PL11584,NFL7
CG70,PL11586
PL11586,NFL13
CG208,PL11600
PL11600,NFL30
CG35,PL11603
PL11603,NFL28
CG1,PL11604
PL11604,NFL31
CG396,PL11609
PL11609,NFL12
CG23,PL11616
PL11616,NFL2
CG74,PL11621
PL11621,NFL14
CG244,PL11633
PL11633,NFL9
CG100,PL11641
PL11641,NFL29
CG68,PL11642
PL11642,NFL4
CG383,PL11676
PL11676,NFL23
CG14,PL11695
PL11695,NFL18
CG16,PL11713
PL11713,NFL20
CG268,PL11720
PL11720,NFL21
CG151,PL11739
PL11739,NFL22
CG198,PL11741
PL11741,NFL10
CG327,PL11750
PL11750,NFL3
CG111,PL11777
PL11777,NFL24
CG6,PL11778
PL11778,NFL21
CG226,PL11784
PL11784,NFL5
CG137,PL11785
PL11785,NFL2
CG78,PL11802
PL11802,NFL30
CG35,PL11814
PL11814,NFL29
CG166,PL11817
PL11817,NFL1
CG366,PL11825
PL11825,NFL8
CG9,PL11827
PL11827,NFL9
CG44,PL11848
PL11848,NFL7
CG427,PL11850
PL11850,NFL20
CG111,PL11863
PL11863,NFL23
CG149,PL11868
PL11868,NFL2
CG54,PL11872
PL11872,NFL13
CG107,PL11925
PL11925,NFL26
CG245,PL11934
PL11934,NFL31
CG291,PL11942
PL11942,NFL3
CG212,PL11944
PL11944,NFL24
CG19,PL11950
PL11950,NFL20
CG8,PL11957
PL11957,NFL20
CG118,PL11967
PL11967,NFL28
CG63,PL11969
PL11969,NFL9
CG19,PL11986
PL11986,NFL22
CG21,PL12002
PL12002,NFL4
CG69,PL12006
PL12006,NFL5
CG51,PL12008
PL12008,NFL13
CG146,PL12010
PL12010,NFL19
CG203,PL12019
PL12019,NFL18
CG42,PL12021
PL12021,NFL30
CG353,PL12039
PL12039,NFL28
CG91,PL12047
PL12047,NFL26
CG91,PL12057
PL12057,NFL16
CG298,PL12059
PL12059,NFL4
CG270,PL12072
PL12072,NFL12
CG242,PL12077
PL12077,NFL10
CG0,PL12097
PL12097,NFL10
CG150,PL12140
PL12140,NFL16
CG164,PL12145
PL12145,NFL23
CG190,PL12150
PL12150,NFL22
CG78,PL12151
PL12151,NFL26
CG1,PL12152
PL12152,NFL31
CG52,PL12159
PL12159,NFL29
CG28,PL12165
PL12165,NFL28
CG120,PL12166
PL12166,NFL12
CG432,PL12173
PL12173,NFL29
CG186,PL12174
PL12174,NFL9
CG0,PL12181
PL12181,NFL27
CG294,PL12182
PL12182,NFL30
CG137,PL12186
PL12186,NFL1
CG51,PL12200
PL12200,NFL30
CG58,PL12201
PL12201,NFL22
CG234,PL12203
PL12203,NFL20
CG1,PL12204
PL12204,NFL16
CG91,PL12206
PL12206,NFL9
CG19,PL12207
PL12207,NFL4
CG297,PL12218
PL12218,NFL11
CG150,PL12241
PL12241,NFL30
CG91,PL12257
PL12257,NFL8
CG68,PL12279
PL12279,NFL13
CG4,PL12296
PL12296,NFL23
CG41,PL12314
PL12314,NFL21
CG61,PL12319
PL12319,NFL30
CG435,PL12320
PL12320,NFL14
CG369,PL12330
PL12330,NFL2
CG107,PL12336
PL12336,NFL1
CG96,PL12345
PL12345,NFL10
CG210,PL12348
PL12348,NFL16
CG333,PL12356
PL12356,NFL24
CG234,PL12360
PL12360,NFL11
CG107,PL12374
PL12374,NFL30
CG100,PL12385
PL12385,NFL31
CG355,PL12387
PL12387,NFL11
CG3,PL12389
PL12389,NFL5
CG44,PL12395
PL12395,NFL8
CG389,PL12406
PL12406,NFL23
CG12,PL12412
PL12412,NFL2
CG110,PL12417
PL12417,NFL28
CG2,PL12426
PL12426,NFL10
CG185,PL12428
PL12428,NFL14
CG297,PL12433
PL12433,NFL9
CG52,PL12448
PL12448,NFL7
CG78,PL12453
PL12453,NFL20
CG32,PL12461
PL12461,NFL4
CG371,PL12466
PL12466,NFL24
CG295,PL12475
PL12475,NFL7
CG141,PL12476
PL12476,NFL8
CG270,PL12493
PL12493,NFL24
CG65,PL12503
PL12503,NFL7
CG445,PL12512
PL12512,NFL30
CG433,PL12536
PL12536,NFL30
CG414,PL12539
PL12539,NFL30
CG283,PL12547
PL12547,NFL26
CG4,PL12562
PL12562,NFL20
CG431,PL12570
PL12570,NFL9
CG123,PL12577
PL12577,NFL27
CG448,PL12606
PL12606,NFL12
CG118,PL12610
PL12610,NFL20
CG58,PL12632
PL12632,NFL5
CG8,PL12650
PL12650,NFL21
CG203,PL12661
PL12661,NFL24
CG69,PL12665
PL12665,NFL18
CG118,PL12673
PL12673,NFL16
CG21,PL12676
PL12676,NFL12
CG175,PL12690
PL12690,NFL10
CG132,PL12701
PL12701,NFL21
CG0,PL12704
PL12704,NFL22
CG106,PL12710
PL12710,NFL30
CG9,PL12714
PL12714,NFL7
CG232,PL12735
PL12735,NFL11
CG9,PL12736
PL12736,NFL8
CG157,PL12739
PL12739,NFL7
CG99,PL12742
PL12742,NFL24
CG449,PL12762
PL12762,NFL2
CG61,PL12763
PL12763,NFL7
CG116,PL12779
PL12779,NFL5
CG290,PL12796
PL12796,NFL10
CG58,PL12805
PL12805,NFL13
CG238,PL12819
PL12819,NFL18
CG80,PL12828
PL12828,NFL9
CG1,PL12829
PL12829,NFL21
CG42,PL12850
PL12850,NFL22
CG266,PL12860
PL12860,NFL27
CG97,PL12868
PL12868,NFL20
CG4,PL12873
PL12873,NFL30
CG31,PL12882
PL12882,NFL26
CG17,PL12885
PL12885,NFL22
CG102,PL12892
PL12892,NFL20
CG234,PL12899
PL12899,NFL12
CG49,PL12901
PL12901,NFL16
CG333,PL12902
PL12902,NFL9
CG226,PL12912
PL12912,NFL1
CG55,PL12918
PL12918,NFL24
CG308,PL12922
PL12922,NFL8
CG132,PL12923
PL12923,NFL30
CG164,PL12931
PL12931,NFL13
CG63,PL12932
PL12932,NFL31
CG306,PL12935
PL12935,NFL9
CG284,PL12937
PL12937,NFL11
CG54,PL12957
PL12957,NFL26
CG63,PL12958
PL12958,NFL31
CG27,PL12964
PL12964,NFL10
CG99,PL12967
PL12967,NFL19
CG28,PL12974
PL12974,NFL30
CG14,PL13002
PL13002,NFL21
CG54,PL13025
PL13025,NFL9
CG51,PL13028
PL13028,NFL21
CG190,PL13033
PL13033,NFL16
CG198,PL13048
PL13048,NFL13
CG2,PL13058
PL13058,NFL31
CG23,PL13082
PL13082,NFL12
CG39,PL13085
PL13085,NFL22
CG235,PL13086
PL13086,NFL9
CG9,PL13087
PL13087,NFL1
CG44,PL13095
PL13095,NFL30
CG1,PL13097
PL13097,NFL3
CG226,PL13107
PL13107,NFL10
CG124,PL13111
PL13111,NFL5
CG23,PL13117
PL13117,NFL27
CG31,PL13120
PL13120,NFL11
CG306,PL13146
PL13146,NFL11
CG35,PL13149
PL13149,NFL18
CG62,PL13164
PL13164,NFL31
CG123,PL13167
PL13167,NFL26
CG191,PL13168
PL13168,NFL12
CG425,PL13178
PL13178,NFL21
CG455,PL13206
PL13206,NFL10
CG186,PL13212
PL13212,NFL12
CG59,PL13217
PL13217,NFL30
CG371,PL13223
PL13223,NFL19
CG181,PL13236
PL13236,NFL16
CG132,PL13239
PL13239,NFL27
CG72,PL13242
PL13242,NFL26
CG33,PL13260
PL13260,NFL10
CG13,PL13271
PL13271,NFL2
CG39,PL13274
PL13274,NFL27
CG412,PL13281
PL13281,NFL13
CG115,PL13284
PL13284,NFL29
CG84,PL13297
PL13297,NFL30
CG448,PL13303
PL13303,NFL7
CG241,PL13304
PL13304,NFL28
CG191,PL13347
PL13347,NFL21
CG306,PL13365
PL13365,NFL30
CG293,PL13368
PL13368,NFL20
CG44,PL13384
PL13384,NFL13
CG118,PL13411
PL13411,NFL3
CG38,PL13423
PL13423,NFL21
CG50,PL13428
PL13428,NFL27
CG208,PL13430
PL13430,NFL11
CG17,PL13442
PL13442,NFL30
